{
  "IcoMoonType": "selection",
  "icons": [
    {
      "icon": {
        "paths": [
          "M520.324 126.199c0 69.698-56.501 126.199-126.199 126.199s-126.199-56.501-126.199-126.199c0-69.698 56.501-126.199 126.199-126.199s126.199 56.501 126.199 126.199z",
          "M316.82 293.366c65.193 0 114.087 32.596 146.683 97.789 20.559 41.117 54.339 78.375 97.789 97.789 59.887 26.759 131.009 1.152 146.683 20.744 0 0 0 0 0 0v0c16.258 20.322 12.963 49.977-7.359 66.235-8.701 6.961-19.588 10.614-30.728 10.309-108.293-2.965-177.088-19.096-206.385-48.393-48.894-48.894-48.894 195.578-48.894 195.578s0 0 0 0v0c30.547 30.547 43.806 74.338 35.334 116.699l-24.613 123.064c-4.522 22.612-26.519 37.276-49.131 32.754-3.639-0.728-7.165-1.938-10.484-3.597v0 0c-28.055-14.028-41.527-46.55-31.608-76.308l9.741-29.224c13.401-40.203 2.938-84.527-27.028-114.493v0 0c-19.463-19.463-51.019-19.463-70.482 0-3.788 3.788-6.94 8.161-9.336 12.953l-91.312 182.625c-13.502 27.004-46.338 37.949-73.342 24.447v0 0c-27.089-13.545-38.229-46.37-24.98-73.604l122.769-252.358 37.902-183.207c2.491-12.038-5.249-23.816-17.287-26.306-5.976-1.236-12.197 0.035-17.208 3.516-27.13 18.846-43.224 31.95-48.281 39.313-52.915 77.045 44.874 77.045-4.021 125.939-32.596 32.596-65.193 16.298-97.789-48.894-6.637-58.555 9.661-107.449 48.894-146.683 48.894-48.894 41.712-55.731 97.789-97.789 28.694-21.52 77.588-37.819 146.683-48.894z"
        ],
        "attrs": [
          {
            "opacity": 0.628821332
          },
          {
            "opacity": 0.628821332
          }
        ],
        "width": 757,
        "isMulticolor": false,
        "isMulticolor2": false,
        "grid": 0,
        "tags": [
          "Walk@2x"
        ]
      },
      "attrs": [
        {
          "opacity": 0.628821332
        },
        {
          "opacity": 0.628821332
        }
      ],
      "properties": {
        "order": 2,
        "id": 0,
        "name": "Walk",
        "prevSize": 32,
        "code": 59648
      },
      "setIdx": 0,
      "setId": 2,
      "iconIdx": 0
    }
  ],
  "height": 1024,
  "metadata": {
    "name": "icomoon"
  },
  "preferences": {
    "showGlyphs": true,
    "showQuickUse": true,
    "showQuickUse2": true,
    "showSVGs": true,
    "fontPref": {
      "prefix": "icon-",
      "metadata": {
        "fontFamily": "icomoon"
      },
      "metrics": {
        "emSize": 1024,
        "baseline": 6.25,
        "whitespace": 50
      },
      "embed": false
    },
    "imagePref": {
      "prefix": "icon-",
      "png": true,
      "useClassSelector": true,
      "color": 0,
      "bgColor": 16777215,
      "classSelector": ".icon"
    },
    "historySize": 50,
    "showCodes": true,
    "gridSize": 16
  }
}